{
  "version": 1,
  "author": "Anonymous maker",
  "editor": "wokwi",
  "parts": [
    { "type": "wokwi-esp32-devkit-v1", "id": "esp", "top": -43.3, "left": -5, "attrs": {} },
    { "type": "wokwi-dht22", "id": "dht1", "top": 9.9, "left": -111, "attrs": {} },
    { "type": "wokwi-led", "id": "led1", "top": 34.8, "left": 195.8, "attrs": { "color": "red" } },
    {
      "type": "wokwi-pushbutton",
      "id": "btn1",
      "top": 159.8,
      "left": -153.6,
      "attrs": { "color": "green" }
    }
  ],
  "connections": [
    [ "esp:TX0", "$serialMonitor:RX", "", [] ],
    [ "esp:RX0", "$serialMonitor:TX", "", [] ],
    [ "dht1:GND", "esp:GND.1", "black", [ "v105.6", "h134.4", "v0", "h-9.6" ] ],
    [ "dht1:VCC", "esp:3V3", "red", [ "v-9.6", "h192" ] ],
    [ "btn1:1.r", "esp:D13", "green", [ "v-76.8", "h86.6" ] ],
    [ "btn1:2.r", "esp:GND.2", "green", [ "h86.6", "v-86.2" ] ],
    [ "led1:A", "esp:D2", "green", [ "v9.6", "h-124.8" ] ],
    [ "led1:C", "esp:GND.1", "green", [ "v28.8", "h-114.8" ] ],
    [ "dht1:SDA", "btn1:1.l", "green", [ "v67.2", "h230.5" ] ]
  ],
  "dependencies": {}
}